id,name,description,author
1,recipe1,desc1,1
2,recipe2,desc2,1
3,recipe3,desc3,1
4,recipe4,desc4,1
5,recipe5,desc5,1
6,recipe6,desc6,1
7,recipe7,desc7,1
8,recipe8,desc8,1
9,recipe9,desc9,1
10,recipe10,desc10,1
11,recipe11,desc11,1
12,recipe12,desc12,1
13,recipe13,desc13,1
14,recipe14,desc14,1
15,recipe15,desc15,1
16,recipe16,desc16,1
17,recipe17,desc17,1
18,recipe18,desc18,1
19,recipe19,desc19,1
20,recipe20,desc20,1
21,recipe21,desc21,1
22,recipe22,desc22,1
23,recipe23,desc23,1
24,recipe24,desc24,1
25,recipe25,desc25,1
26,recipe26,desc26,1
27,recipe27,desc27,1
28,recipe28,desc28,1
29,recipe29,desc29,1
30,recipe30,desc30,1
31,recipe31,desc31,1
32,recipe32,desc32,1
33,recipe33,desc33,1
34,recipe34,desc34,1
35,recipe35,desc35,1
36,recipe36,desc36,1
37,recipe37,desc37,1
38,recipe38,desc38,1
39,recipe39,desc39,1
40,recipe40,desc40,1
41,recipe41,desc41,1
42,recipe42,desc42,1
43,recipe43,desc43,1
44,recipe44,desc44,1
45,recipe45,desc45,1
46,recipe46,desc46,1
47,recipe47,desc47,1
48,recipe48,desc48,1
49,recipe49,desc49,1
50,recipe50,desc50,1
51,recipe51,desc51,1
52,recipe52,desc52,1
53,recipe53,desc53,1
54,recipe54,desc54,1
55,recipe55,desc55,1
56,recipe56,desc56,1
57,recipe57,desc57,1
58,recipe58,desc58,1
59,recipe59,desc59,1
60,recipe60,desc60,1
61,recipe61,desc61,1
62,recipe62,desc62,1
63,recipe63,desc63,1
64,recipe64,desc64,1
65,recipe65,desc65,1
66,recipe66,desc66,1
67,recipe67,desc67,1
68,recipe68,desc68,1
69,recipe69,desc69,1
70,recipe70,desc70,1
71,recipe71,desc71,1
72,recipe72,desc72,1
73,recipe73,desc73,1
74,recipe74,desc74,1
75,recipe75,desc75,1
76,recipe76,desc76,1
77,recipe77,desc77,1
78,recipe78,desc78,1
79,recipe79,desc79,1
80,recipe80,desc80,1
81,recipe81,desc81,1
82,recipe82,desc82,1
83,recipe83,desc83,1
84,recipe84,desc84,1
85,recipe85,desc85,1
86,recipe86,desc86,1
87,recipe87,desc87,1
88,recipe88,desc88,1
89,recipe89,desc89,1
90,recipe90,desc90,1
91,recipe91,desc91,1
92,recipe92,desc92,1
93,recipe93,desc93,1
94,recipe94,desc94,1
95,recipe95,desc95,1
96,recipe96,desc96,1
97,recipe97,desc97,1
98,recipe98,desc98,1
99,recipe99,desc99,1
100,recipe100,desc100,1
